{
    "name": "root",
    "gauges": {
        "PrototypeModel.Policy.Entropy.mean": {
            "value": 0.15845046937465668,
            "min": 0.15845046937465668,
            "max": 0.4706532657146454,
            "count": 3
        },
        "PrototypeModel.Policy.Entropy.sum": {
            "value": 1865.9127197265625,
            "min": 1865.9127197265625,
            "max": 6084.60546875,
            "count": 3
        },
        "PrototypeModel.Environment.EpisodeLength.mean": {
            "value": 27.094890510948904,
            "min": 12.961002785515321,
            "max": 34.86693548387097,
            "count": 3
        },
        "PrototypeModel.Environment.EpisodeLength.sum": {
            "value": 3712.0,
            "min": 3712.0,
            "max": 9306.0,
            "count": 3
        },
        "PrototypeModel.Step.mean": {
            "value": 29960.0,
            "min": 9967.0,
            "max": 29960.0,
            "count": 3
        },
        "PrototypeModel.Step.sum": {
            "value": 29960.0,
            "min": 9967.0,
            "max": 29960.0,
            "count": 3
        },
        "PrototypeModel.Policy.ExtrinsicValueEstimate.mean": {
            "value": -2.7836971282958984,
            "min": -4.241798400878906,
            "max": -2.7836971282958984,
            "count": 3
        },
        "PrototypeModel.Policy.ExtrinsicValueEstimate.sum": {
            "value": -656.9525146484375,
            "min": -3041.369384765625,
            "max": -656.9525146484375,
            "count": 3
        },
        "PrototypeModel.Environment.CumulativeReward.mean": {
            "value": -5.0,
            "min": -5.0,
            "max": -4.646586345381526,
            "count": 3
        },
        "PrototypeModel.Environment.CumulativeReward.sum": {
            "value": -680.0,
            "min": -3585.0,
            "max": -680.0,
            "count": 3
        },
        "PrototypeModel.Policy.ExtrinsicReward.mean": {
            "value": -5.0,
            "min": -5.0,
            "max": -4.646586345381526,
            "count": 3
        },
        "PrototypeModel.Policy.ExtrinsicReward.sum": {
            "value": -680.0,
            "min": -3585.0,
            "max": -680.0,
            "count": 3
        },
        "PrototypeModel.Losses.PolicyLoss.mean": {
            "value": 0.24833506863341642,
            "min": 0.24271607764483477,
            "max": 0.25746766081832556,
            "count": 3
        },
        "PrototypeModel.Losses.PolicyLoss.sum": {
            "value": 9.933402745336657,
            "min": 9.933402745336657,
            "max": 14.933124327462883,
            "count": 3
        },
        "PrototypeModel.Losses.ValueLoss.mean": {
            "value": 0.1643918942108294,
            "min": 0.07480950267685625,
            "max": 0.370890061336042,
            "count": 3
        },
        "PrototypeModel.Losses.ValueLoss.sum": {
            "value": 6.575675768433175,
            "min": 4.3389511552576625,
            "max": 18.91539312813814,
            "count": 3
        },
        "PrototypeModel.Policy.LearningRate.mean": {
            "value": 0.00028545366484877994,
            "min": 0.00028545366484877994,
            "max": 0.00029667577352186894,
            "count": 3
        },
        "PrototypeModel.Policy.LearningRate.sum": {
            "value": 0.011418146593951198,
            "min": 0.011418146593951198,
            "max": 0.0172071948642684,
            "count": 3
        },
        "PrototypeModel.Policy.Epsilon.mean": {
            "value": 0.19515122000000001,
            "min": 0.19515122000000001,
            "max": 0.1988919241379311,
            "count": 3
        },
        "PrototypeModel.Policy.Epsilon.sum": {
            "value": 7.806048800000001,
            "min": 7.806048800000001,
            "max": 11.535731600000004,
            "count": 3
        },
        "PrototypeModel.Policy.Beta.mean": {
            "value": 0.0005000000000000001,
            "min": 0.0005,
            "max": 0.0005000000000000001,
            "count": 3
        },
        "PrototypeModel.Policy.Beta.sum": {
            "value": 0.020000000000000004,
            "min": 0.020000000000000004,
            "max": 0.029,
            "count": 3
        },
        "PrototypeModel.IsTraining.mean": {
            "value": 1.0,
            "min": 1.0,
            "max": 1.0,
            "count": 3
        },
        "PrototypeModel.IsTraining.sum": {
            "value": 1.0,
            "min": 1.0,
            "max": 1.0,
            "count": 3
        }
    },
    "metadata": {
        "timer_format_version": "0.1.0",
        "start_time_seconds": "1669958747",
        "python_version": "3.9.12 (main, Apr  4 2022, 05:22:27) [MSC v.1916 64 bit (AMD64)]",
        "command_line_arguments": "G:\\UnityProjects\\ML-Game\\ML-Game\\venv\\Scripts\\mlagents-learn config\\MLBrainPrototype.yaml --run-id=MLPrototype --force",
        "mlagents_version": "0.30.0",
        "mlagents_envs_version": "0.30.0",
        "communication_protocol_version": "1.5.0",
        "pytorch_version": "1.13.0+cu117",
        "numpy_version": "1.21.2",
        "end_time_seconds": "1669958910"
    },
    "total": 163.5817306,
    "count": 1,
    "self": 10.00492909999997,
    "children": {
        "run_training.setup": {
            "total": 0.08104529999999999,
            "count": 1,
            "self": 0.08104529999999999
        },
        "TrainerController.start_learning": {
            "total": 153.49575620000002,
            "count": 1,
            "self": 0.011156899999832603,
            "children": {
                "TrainerController._reset_env": {
                    "total": 13.8110117,
                    "count": 1,
                    "self": 13.8110117
                },
                "TrainerController.advance": {
                    "total": 139.5848552000002,
                    "count": 417,
                    "self": 0.008869200000418687,
                    "children": {
                        "env_step": {
                            "total": 32.56447270000005,
                            "count": 417,
                            "self": 31.229877600000144,
                            "children": {
                                "SubprocessEnvManager._take_step": {
                                    "total": 1.329995199999912,
                                    "count": 418,
                                    "self": 0.04025029999976404,
                                    "children": {
                                        "TorchPolicy.evaluate": {
                                            "total": 1.289744900000148,
                                            "count": 418,
                                            "self": 1.289744900000148
                                        }
                                    }
                                },
                                "workers": {
                                    "total": 0.004599899999995216,
                                    "count": 416,
                                    "self": 0.0,
                                    "children": {
                                        "worker_root": {
                                            "total": 122.25740599999995,
                                            "count": 416,
                                            "is_parallel": true,
                                            "self": 110.92578639999996,
                                            "children": {
                                                "steps_from_proto": {
                                                    "total": 0.005184200000000416,
                                                    "count": 2,
                                                    "is_parallel": true,
                                                    "self": 0.0006566000000010064,